{
	"credit": "Made with Blockbench",
	"parent": "block/block",
	"textures": {
		"particle": "#all",
		"overlay": "block/inv"
	},
	"elements": [
		{
			"from": [0, 0, 0],
			"to": [16, 16, 16],
			"faces": {
				"north": {"uv": [0, 0, 16, 16], "texture": "#all", "cullface": "north", "tintindex": 0},
				"east": {"uv": [0, 0, 16, 16], "texture": "#all", "cullface": "east", "tintindex": 0},
				"south": {"uv": [0, 0, 16, 16], "texture": "#all", "cullface": "south", "tintindex": 0},
				"west": {"uv": [0, 0, 16, 16], "texture": "#all", "cullface": "west", "tintindex": 0},
				"up": {"uv": [0, 0, 16, 16], "texture": "#all", "cullface": "up", "tintindex": 0},
				"down": {"uv": [16, 16, 0, 0], "texture": "#all", "cullface": "down", "tintindex": 0}
			}
		},
		{
			"name": "overlay",
			"from": [14, -6, -7],
			"to": [14, 22, 25],
			"shade": false,
			"rotation": {"angle": -22.5, "axis": "y", "origin": [14.125, -8, -6.8125]},
			"faces": {
				"east": {"uv": [0, 0, 16, 16], "texture": "#overlay"},
				"west": {"uv": [0, 0, 16, 16], "texture": "#overlay"}
			}
		},
		{
			"from": [14, -6, -7],
			"to": [14, 22, 25],
			"shade": false,
			"rotation": {"angle": -22.5, "axis": "y", "origin": [14.125, -8, -6.8125]},
			"faces": {
				"east": {"uv": [0, 0, 16, 16], "texture": "#bushy", "tintindex": 0},
				"west": {"uv": [0, 0, 16, 16], "texture": "#bushy", "tintindex": 0}
			}
		},
		{
			"name": "overlay",
			"from": [-7, -6, 2],
			"to": [25, 22, 2],
			"shade": false,
			"rotation": {"angle": -22.5, "axis": "y", "origin": [-6.8125, -8, 1.875]},
			"faces": {
				"north": {"uv": [0, 0, 16, 16], "texture": "#overlay"},
				"south": {"uv": [0, 0, 16, 16], "texture": "#overlay"}
			}
		},
		{
			"from": [-7, -6, 2],
			"to": [25, 22, 2],
			"shade": false,
			"rotation": {"angle": -22.5, "axis": "y", "origin": [-6.8125, -8, 1.875]},
			"faces": {
				"north": {"uv": [0, 0, 16, 16], "texture": "#bushy", "tintindex": 0},
				"south": {"uv": [0, 0, 16, 16], "texture": "#bushy", "tintindex": 0}
			}
		}
	]
}