{
    "parent": "item/generated",
    "textures": {
        "layer0": "item/potion_overlay",
        "layer1": "item/lingering_potion"
    },
    "overrides": [
        {"predicate": {"nbt": {"Potion":"minecraft:regeneration"}}, "model": "item/regeneration/l"},
        {"predicate": {"nbt": {"Potion":"minecraft:strong_regeneration"}}, "model": "item/regeneration/ls"},
        {"predicate": {"nbt": {"Potion":"minecraft:long_regeneration"}}, "model": "item/regeneration/ll"},
        {"predicate": {"nbt": {"Potion":"minecraft:night_vision"}}, "model": "item/night_vision/l"},
        {"predicate": {"nbt": {"Potion":"minecraft:long_night_vision"}}, "model": "item/night_vision/ll"},
        {"predicate": {"nbt": {"Potion":"minecraft:invisibility"}}, "model": "item/invisibility/l"},
        {"predicate": {"nbt": {"Potion":"minecraft:long_invisibility"}}, "model": "item/invisibility/ll"},
        {"predicate": {"nbt": {"Potion":"minecraft:leaping"}}, "model": "item/leaping/l"},
        {"predicate": {"nbt": {"Potion":"minecraft:strong_leaping"}}, "model": "item/leaping/ls"},
        {"predicate": {"nbt": {"Potion":"minecraft:long_leaping"}}, "model": "item/leaping/ll"},
        {"predicate": {"nbt": {"Potion":"minecraft:fire_resistance"}}, "model": "item/fire_resistance/l"},
        {"predicate": {"nbt": {"Potion":"minecraft:long_fire_resistance"}}, "model": "item/fire_resistance/ll"},
        {"predicate": {"nbt": {"Potion":"minecraft:swiftness"}}, "model": "item/swiftness/l"},
        {"predicate": {"nbt": {"Potion":"minecraft:strong_swiftness"}}, "model": "item/swiftness/ls"},
        {"predicate": {"nbt": {"Potion":"minecraft:long_swiftness"}}, "model": "item/swiftness/ll"},
        {"predicate": {"nbt": {"Potion":"minecraft:slowness"}}, "model": "item/slowness/l"},
        {"predicate": {"nbt": {"Potion":"minecraft:strong_slowness"}}, "model": "item/slowness/ls"},
        {"predicate": {"nbt": {"Potion":"minecraft:long_slowness"}}, "model": "item/slowness/ll"},
        {"predicate": {"nbt": {"Potion":"minecraft:water_breathing"}}, "model": "item/water_breathing/l"},
        {"predicate": {"nbt": {"Potion":"minecraft:long_water_breathing"}}, "model": "item/water_breathing/ll"},
        {"predicate": {"nbt": {"Potion":"minecraft:healing"}}, "model": "item/healing/l"},
        {"predicate": {"nbt": {"Potion":"minecraft:strong_healing"}}, "model": "item/healing/ls"},
        {"predicate": {"nbt": {"Potion":"minecraft:harming"}}, "model": "item/harming/l"},
        {"predicate": {"nbt": {"Potion":"minecraft:strong_harming"}}, "model": "item/harming/ls"},
        {"predicate": {"nbt": {"Potion":"minecraft:poison"}}, "model": "item/poison/l"},
        {"predicate": {"nbt": {"Potion":"minecraft:strong_poison"}}, "model": "item/poison/ls"},
        {"predicate": {"nbt": {"Potion":"minecraft:long_poison"}}, "model": "item/poison/ll"},
        {"predicate": {"nbt": {"Potion":"minecraft:strength"}}, "model": "item/strength/l"},
        {"predicate": {"nbt": {"Potion":"minecraft:strong_strength"}}, "model": "item/strength/ls"},
        {"predicate": {"nbt": {"Potion":"minecraft:long_strength"}}, "model": "item/strength/ll"},
        {"predicate": {"nbt": {"Potion":"minecraft:weakness"}}, "model": "item/weakness/l"},
        {"predicate": {"nbt": {"Potion":"minecraft:long_weakness"}}, "model": "item/weakness/ll"},
        {"predicate": {"nbt": {"Potion":"minecraft:luck"}}, "model": "item/luck/l"},
        {"predicate": {"nbt": {"Potion":"minecraft:turtle_master"}}, "model": "item/turtle_master/l"},
        {"predicate": {"nbt": {"Potion":"minecraft:strong_turtle_master"}}, "model": "item/turtle_master/ls"},
        {"predicate": {"nbt": {"Potion":"minecraft:long_turtle_master"}}, "model": "item/turtle_master/ll"},
        {"predicate": {"nbt": {"Potion":"minecraft:slow_falling"}}, "model": "item/slow_falling/l"},
        {"predicate": {"nbt": {"Potion":"minecraft:long_slow_falling"}}, "model": "item/slow_falling/ll"},
        {"predicate": {"nbt": {"Potion":"minecraft:awkward"}}, "model": "item/awkward/l"},
        {"predicate": {"nbt": {"Potion":"minecraft:thick"}}, "model": "item/thick/l"},
        {"predicate": {"nbt": {"Potion":"minecraft:mundane"}}, "model": "item/mundane/l"},
        {"predicate": {"nbt": {"Potion":"minecraft:water"}}, "model": "item/water/l"}
    ]
}
