{
    "parent": "item/generated",
    "textures": {
        "layer0": "item/potion_overlay",
        "layer1": "item/potion"
    },
    "overrides": [
        {"predicate": {"nbt": {"Potion":"minecraft:regeneration"}}, "model": "item/regeneration/p"},
        {"predicate": {"nbt": {"Potion":"minecraft:strong_regeneration"}}, "model": "item/regeneration/ps"},
        {"predicate": {"nbt": {"Potion":"minecraft:long_regeneration"}}, "model": "item/regeneration/pl"},
        {"predicate": {"nbt": {"Potion":"minecraft:night_vision"}}, "model": "item/night_vision/p"},
        {"predicate": {"nbt": {"Potion":"minecraft:long_night_vision"}}, "model": "item/night_vision/pl"},
        {"predicate": {"nbt": {"Potion":"minecraft:invisibility"}}, "model": "item/invisibility/p"},
        {"predicate": {"nbt": {"Potion":"minecraft:long_invisibility"}}, "model": "item/invisibility/pl"},
        {"predicate": {"nbt": {"Potion":"minecraft:leaping"}}, "model": "item/leaping/p"},
        {"predicate": {"nbt": {"Potion":"minecraft:strong_leaping"}}, "model": "item/leaping/ps"},
        {"predicate": {"nbt": {"Potion":"minecraft:long_leaping"}}, "model": "item/leaping/pl"},
        {"predicate": {"nbt": {"Potion":"minecraft:fire_resistance"}}, "model": "item/fire_resistance/p"},
        {"predicate": {"nbt": {"Potion":"minecraft:long_fire_resistance"}}, "model": "item/fire_resistance/pl"},
        {"predicate": {"nbt": {"Potion":"minecraft:swiftness"}}, "model": "item/swiftness/p"},
        {"predicate": {"nbt": {"Potion":"minecraft:strong_swiftness"}}, "model": "item/swiftness/ps"},
        {"predicate": {"nbt": {"Potion":"minecraft:long_swiftness"}}, "model": "item/swiftness/pl"},
        {"predicate": {"nbt": {"Potion":"minecraft:slowness"}}, "model": "item/slowness/p"},
        {"predicate": {"nbt": {"Potion":"minecraft:strong_slowness"}}, "model": "item/slowness/ps"},
        {"predicate": {"nbt": {"Potion":"minecraft:long_slowness"}}, "model": "item/slowness/pl"},
        {"predicate": {"nbt": {"Potion":"minecraft:water_breathing"}}, "model": "item/water_breathing/p"},
        {"predicate": {"nbt": {"Potion":"minecraft:long_water_breathing"}}, "model": "item/water_breathing/pl"},
        {"predicate": {"nbt": {"Potion":"minecraft:healing"}}, "model": "item/healing/p"},
        {"predicate": {"nbt": {"Potion":"minecraft:strong_healing"}}, "model": "item/healing/ps"},
        {"predicate": {"nbt": {"Potion":"minecraft:harming"}}, "model": "item/harming/p"},
        {"predicate": {"nbt": {"Potion":"minecraft:strong_harming"}}, "model": "item/harming/ps"},
        {"predicate": {"nbt": {"Potion":"minecraft:poison"}}, "model": "item/poison/p"},
        {"predicate": {"nbt": {"Potion":"minecraft:strong_poison"}}, "model": "item/poison/ps"},
        {"predicate": {"nbt": {"Potion":"minecraft:long_poison"}}, "model": "item/poison/pl"},
        {"predicate": {"nbt": {"Potion":"minecraft:strength"}}, "model": "item/strength/p"},
        {"predicate": {"nbt": {"Potion":"minecraft:strong_strength"}}, "model": "item/strength/ps"},
        {"predicate": {"nbt": {"Potion":"minecraft:long_strength"}}, "model": "item/strength/pl"},
        {"predicate": {"nbt": {"Potion":"minecraft:weakness"}}, "model": "item/weakness/p"},
        {"predicate": {"nbt": {"Potion":"minecraft:long_weakness"}}, "model": "item/weakness/pl"},
        {"predicate": {"nbt": {"Potion":"minecraft:luck"}}, "model": "item/luck/p"},
        {"predicate": {"nbt": {"Potion":"minecraft:turtle_master"}}, "model": "item/turtle_master/p"},
        {"predicate": {"nbt": {"Potion":"minecraft:strong_turtle_master"}}, "model": "item/turtle_master/ps"},
        {"predicate": {"nbt": {"Potion":"minecraft:long_turtle_master"}}, "model": "item/turtle_master/pl"},
        {"predicate": {"nbt": {"Potion":"minecraft:slow_falling"}}, "model": "item/slow_falling/p"},
        {"predicate": {"nbt": {"Potion":"minecraft:long_slow_falling"}}, "model": "item/slow_falling/pl"},
        {"predicate": {"nbt": {"Potion":"minecraft:awkward"}}, "model": "item/awkward/p"},
        {"predicate": {"nbt": {"Potion":"minecraft:thick"}}, "model": "item/thick/p"},
        {"predicate": {"nbt": {"Potion":"minecraft:mundane"}}, "model": "item/mundane/p"},
        {"predicate": {"nbt": {"Potion":"minecraft:water"}}, "model": "item/water/p"}
    ]
}
