{
    "parent": "item/generated",
    "textures": {
        "layer0": "item/potion_overlay",
        "layer1": "item/splash_potion"
    },
    "overrides": [
        {"predicate": {"nbt": {"Potion":"minecraft:regeneration"}}, "model": "item/regeneration/s"},
        {"predicate": {"nbt": {"Potion":"minecraft:strong_regeneration"}}, "model": "item/regeneration/ss"},
        {"predicate": {"nbt": {"Potion":"minecraft:long_regeneration"}}, "model": "item/regeneration/sl"},
        {"predicate": {"nbt": {"Potion":"minecraft:night_vision"}}, "model": "item/night_vision/s"},
        {"predicate": {"nbt": {"Potion":"minecraft:long_night_vision"}}, "model": "item/night_vision/sl"},
        {"predicate": {"nbt": {"Potion":"minecraft:invisibility"}}, "model": "item/invisibility/s"},
        {"predicate": {"nbt": {"Potion":"minecraft:long_invisibility"}}, "model": "item/invisibility/sl"},
        {"predicate": {"nbt": {"Potion":"minecraft:leaping"}}, "model": "item/leaping/s"},
        {"predicate": {"nbt": {"Potion":"minecraft:strong_leaping"}}, "model": "item/leaping/ss"},
        {"predicate": {"nbt": {"Potion":"minecraft:long_leaping"}}, "model": "item/leaping/sl"},
        {"predicate": {"nbt": {"Potion":"minecraft:fire_resistance"}}, "model": "item/fire_resistance/s"},
        {"predicate": {"nbt": {"Potion":"minecraft:long_fire_resistance"}}, "model": "item/fire_resistance/sl"},
        {"predicate": {"nbt": {"Potion":"minecraft:swiftness"}}, "model": "item/swiftness/s"},
        {"predicate": {"nbt": {"Potion":"minecraft:strong_swiftness"}}, "model": "item/swiftness/ss"},
        {"predicate": {"nbt": {"Potion":"minecraft:long_swiftness"}}, "model": "item/swiftness/sl"},
        {"predicate": {"nbt": {"Potion":"minecraft:slowness"}}, "model": "item/slowness/s"},
        {"predicate": {"nbt": {"Potion":"minecraft:strong_slowness"}}, "model": "item/slowness/ss"},
        {"predicate": {"nbt": {"Potion":"minecraft:long_slowness"}}, "model": "item/slowness/sl"},
        {"predicate": {"nbt": {"Potion":"minecraft:water_breathing"}}, "model": "item/water_breathing/s"},
        {"predicate": {"nbt": {"Potion":"minecraft:long_water_breathing"}}, "model": "item/water_breathing/sl"},
        {"predicate": {"nbt": {"Potion":"minecraft:healing"}}, "model": "item/healing/s"},
        {"predicate": {"nbt": {"Potion":"minecraft:strong_healing"}}, "model": "item/healing/ss"},
        {"predicate": {"nbt": {"Potion":"minecraft:harming"}}, "model": "item/harming/s"},
        {"predicate": {"nbt": {"Potion":"minecraft:strong_harming"}}, "model": "item/harming/ss"},
        {"predicate": {"nbt": {"Potion":"minecraft:poison"}}, "model": "item/poison/s"},
        {"predicate": {"nbt": {"Potion":"minecraft:strong_poison"}}, "model": "item/poison/ss"},
        {"predicate": {"nbt": {"Potion":"minecraft:long_poison"}}, "model": "item/poison/sl"},
        {"predicate": {"nbt": {"Potion":"minecraft:strength"}}, "model": "item/strength/s"},
        {"predicate": {"nbt": {"Potion":"minecraft:strong_strength"}}, "model": "item/strength/ss"},
        {"predicate": {"nbt": {"Potion":"minecraft:long_strength"}}, "model": "item/strength/sl"},
        {"predicate": {"nbt": {"Potion":"minecraft:weakness"}}, "model": "item/weakness/s"},
        {"predicate": {"nbt": {"Potion":"minecraft:long_weakness"}}, "model": "item/weakness/sl"},
        {"predicate": {"nbt": {"Potion":"minecraft:luck"}}, "model": "item/luck/s"},
        {"predicate": {"nbt": {"Potion":"minecraft:turtle_master"}}, "model": "item/turtle_master/s"},
        {"predicate": {"nbt": {"Potion":"minecraft:strong_turtle_master"}}, "model": "item/turtle_master/ss"},
        {"predicate": {"nbt": {"Potion":"minecraft:long_turtle_master"}}, "model": "item/turtle_master/sl"},
        {"predicate": {"nbt": {"Potion":"minecraft:slow_falling"}}, "model": "item/slow_falling/s"},
        {"predicate": {"nbt": {"Potion":"minecraft:long_slow_falling"}}, "model": "item/slow_falling/sl"},
        {"predicate": {"nbt": {"Potion":"minecraft:awkward"}}, "model": "item/awkward/s"},
        {"predicate": {"nbt": {"Potion":"minecraft:thick"}}, "model": "item/thick/s"},
        {"predicate": {"nbt": {"Potion":"minecraft:mundane"}}, "model": "item/mundane/s"},
        {"predicate": {"nbt": {"Potion":"minecraft:water"}}, "model": "item/water/s"}
    ]
}
