{
	"credit": "Made with Blockbench",
	"texture_size": [64, 32],
	"textures": {
		"0": "entity/chicken"
	},
	"elements": [
		{
			"name": "head",
			"from": [6, 9, 2],
			"to": [10, 15, 5],
			"rotation": {"angle": 0, "axis": "y", "origin": [8, 0, 8]},
			"faces": {
				"north": {"uv": [0.75, 1.5, 1.75, 4.5], "texture": "#0"},
				"east": {"uv": [0, 1.5, 0.75, 4.5], "texture": "#0"},
				"south": {"uv": [2.5, 1.5, 3.5, 4.5], "texture": "#0"},
				"west": {"uv": [1.75, 1.5, 2.5, 4.5], "texture": "#0"},
				"up": {"uv": [1.75, 1.5, 0.75, 0], "texture": "#0"},
				"down": {"uv": [2.75, 0, 1.75, 1.5], "texture": "#0"}
			}
		},
		{
			"name": "right_leg",
			"from": [8, 0, 6],
			"to": [11, 0, 9],
			"rotation": {"angle": 0, "axis": "z", "origin": [8, 0, 8]},
			"faces": {
				"north": {"uv": [8, 1.5, 8.75, 1.5], "texture": "#0"},
				"east": {"uv": [7.25, 1.5, 8, 1.5], "texture": "#0"},
				"south": {"uv": [9.5, 1.5, 10.25, 1.5], "texture": "#0"},
				"west": {"uv": [8.75, 1.5, 9.5, 1.5], "texture": "#0"},
				"up": {"uv": [8.75, 1.5, 8, 0], "texture": "#0"},
				"down": {"uv": [9.5, 0, 8.75, 1.5], "texture": "#0"}
			}
		},
		{
			"name": "right_leg",
			"from": [5, 0, 6],
			"to": [8, 0, 9],
			"rotation": {"angle": 0, "axis": "z", "origin": [5, 0, 8]},
			"faces": {
				"north": {"uv": [8, 1.5, 8.75, 1.5], "texture": "#0"},
				"east": {"uv": [7.25, 1.5, 8, 1.5], "texture": "#0"},
				"south": {"uv": [9.5, 1.5, 10.25, 1.5], "texture": "#0"},
				"west": {"uv": [8.75, 1.5, 9.5, 1.5], "texture": "#0"},
				"up": {"uv": [8.75, 1.5, 8, 0], "texture": "#0"},
				"down": {"uv": [9.5, 0, 8.75, 1.5], "texture": "#0"}
			}
		},
		{
			"name": "left_leg",
			"from": [8, 0, 6],
			"to": [11, 5, 9],
			"rotation": {"angle": 0, "axis": "y", "origin": [8, 0, 8]},
			"faces": {
				"north": {"uv": [7.25, 1.5, 8, 4], "texture": "#0"},
				"east": {"uv": [6.5, 1.5, 7.25, 4], "texture": "#0"},
				"south": {"uv": [8.75, 1.5, 9.5, 4], "texture": "#0"},
				"west": {"uv": [8, 1.5, 8.75, 4], "texture": "#0"},
				"up": {"uv": [8, 1.5, 7.25, 0], "texture": "#0"},
				"down": {"uv": [8.75, 0, 8, 1.5], "texture": "#0"}
			}
		},
		{
			"name": "left_leg",
			"from": [5, 0, 6],
			"to": [8, 5, 9],
			"rotation": {"angle": 0, "axis": "y", "origin": [5, 0, 8]},
			"faces": {
				"north": {"uv": [7.25, 1.5, 8, 4], "texture": "#0"},
				"east": {"uv": [6.5, 1.5, 7.25, 4], "texture": "#0"},
				"south": {"uv": [8.75, 1.5, 9.5, 4], "texture": "#0"},
				"west": {"uv": [8, 1.5, 8.75, 4], "texture": "#0"},
				"up": {"uv": [8, 1.5, 7.25, 0], "texture": "#0"},
				"down": {"uv": [8.75, 0, 8, 1.5], "texture": "#0"}
			}
		},
		{
			"name": "left_leg",
			"from": [5, 0, 9],
			"to": [8, 5, 9],
			"rotation": {"angle": 0, "axis": "y", "origin": [5, 0, 11]},
			"faces": {
				"north": {"uv": [8.75, 1.5, 9.5, 4], "texture": "#0"},
				"east": {"uv": [8.75, 1.5, 8.75, 4], "texture": "#0"},
				"south": {"uv": [9.5, 1.5, 10.25, 4], "texture": "#0"},
				"west": {"uv": [9.5, 1.5, 9.5, 4], "texture": "#0"},
				"up": {"uv": [9.5, 1.5, 8.75, 1.5], "texture": "#0"},
				"down": {"uv": [10.25, 1.5, 9.5, 1.5], "texture": "#0"}
			}
		},
		{
			"name": "left_leg",
			"from": [8, 0, 9],
			"to": [11, 5, 9],
			"rotation": {"angle": 0, "axis": "y", "origin": [8, 0, 11]},
			"faces": {
				"north": {"uv": [8.75, 1.5, 9.5, 4], "texture": "#0"},
				"east": {"uv": [8.75, 1.5, 8.75, 4], "texture": "#0"},
				"south": {"uv": [9.5, 1.5, 10.25, 4], "texture": "#0"},
				"west": {"uv": [9.5, 1.5, 9.5, 4], "texture": "#0"},
				"up": {"uv": [9.5, 1.5, 8.75, 1.5], "texture": "#0"},
				"down": {"uv": [10.25, 1.5, 9.5, 1.5], "texture": "#0"}
			}
		},
		{
			"name": "right_wing",
			"from": [11, 7, 5],
			"to": [12, 11, 11],
			"rotation": {"angle": 0, "axis": "y", "origin": [8, 0, 8]},
			"faces": {
				"north": {"uv": [7.5, 9.5, 7.75, 11.5], "texture": "#0"},
				"east": {"uv": [6, 9.5, 7.5, 11.5], "texture": "#0"},
				"south": {"uv": [9.25, 9.5, 9.5, 11.5], "texture": "#0"},
				"west": {"uv": [7.75, 9.5, 9.25, 11.5], "texture": "#0"},
				"up": {"uv": [7.75, 9.5, 7.5, 6.5], "texture": "#0"},
				"down": {"uv": [8, 6.5, 7.75, 9.5], "texture": "#0"}
			}
		},
		{
			"name": "left_wing",
			"from": [4, 7, 5],
			"to": [5, 11, 11],
			"rotation": {"angle": 0, "axis": "y", "origin": [8, 0, 8]},
			"faces": {
				"north": {"uv": [7.5, 9.5, 7.75, 11.5], "texture": "#0"},
				"east": {"uv": [6, 9.5, 7.5, 11.5], "texture": "#0"},
				"south": {"uv": [9.25, 9.5, 9.5, 11.5], "texture": "#0"},
				"west": {"uv": [7.75, 9.5, 9.25, 11.5], "texture": "#0"},
				"up": {"uv": [7.75, 9.5, 7.5, 6.5], "texture": "#0"},
				"down": {"uv": [8, 6.5, 7.75, 9.5], "texture": "#0"}
			}
		},
		{
			"name": "bill",
			"from": [6, 11, 0],
			"to": [10, 13, 2],
			"rotation": {"angle": 0, "axis": "y", "origin": [8, 0, 8]},
			"faces": {
				"north": {"uv": [4, 1, 5, 2], "texture": "#0"},
				"east": {"uv": [3.5, 1, 4, 2], "texture": "#0"},
				"south": {"uv": [5.5, 1, 6.5, 2], "texture": "#0"},
				"west": {"uv": [5, 1, 5.5, 2], "texture": "#0"},
				"up": {"uv": [5, 1, 4, 0], "texture": "#0"},
				"down": {"uv": [6, 0, 5, 1], "texture": "#0"}
			}
		},
		{
			"name": "chin",
			"from": [7, 9, 1],
			"to": [9, 11, 3],
			"rotation": {"angle": 0, "axis": "y", "origin": [8, 0, 8]},
			"faces": {
				"north": {"uv": [4, 3, 4.5, 4], "texture": "#0"},
				"east": {"uv": [3.5, 3, 4, 4], "texture": "#0"},
				"south": {"uv": [5, 3, 5.5, 4], "texture": "#0"},
				"west": {"uv": [4.5, 3, 5, 4], "texture": "#0"},
				"up": {"uv": [4.5, 3, 4, 2], "texture": "#0"},
				"down": {"uv": [5, 2, 4.5, 3], "texture": "#0"}
			}
		},
		{
			"from": [5, 5, 4],
			"to": [11, 11, 12],
			"rotation": {"angle": 0, "axis": "y", "origin": [16, 13, 16]},
			"faces": {
				"north": {"uv": [4, 8.5, 5.5, 11.5], "texture": "#0"},
				"east": {"uv": [4, 7.5, 6, 10.5], "texture": "#0"},
				"south": {"uv": [4.5, 8.5, 6, 11.5], "texture": "#0"},
				"west": {"uv": [4, 7.5, 6, 10.5], "texture": "#0"},
				"up": {"uv": [6, 11.5, 4.5, 7.5], "texture": "#0"},
				"down": {"uv": [6, 7.5, 4.5, 11.5], "texture": "#0"}
			}
		}
	],
	"display": {
		"thirdperson_righthand": {
			"rotation": [88.25, 0, 0],
			"translation": [0, -1, -3]
		},
		"ground": {
			"translation": [0, 4.75, 0]
		},
		"gui": {
			"rotation": [26, -35, 0],
			"translation": [0, -0.5, -0.25],
			"scale": [0.71, 0.71, 0.71]
		},
		"head": {
			"translation": [0, 14.5, 0.5]
		},
		"fixed": {
			"translation": [0, 0, -4.25]
		}
	},
	"groups": [
		{
			"name": "head",
			"origin": [0, 9, -4],
			"children": [0]
		},
		{
			"name": "right_leg",
			"origin": [-2, 5, 1],
			"children": [1, 2]
		},
		{
			"name": "left_leg",
			"origin": [1, 5, 1],
			"children": [3, 4, 5, 6]
		},
		{
			"name": "right_wing",
			"origin": [-4, 11, 0],
			"children": [7]
		},
		{
			"name": "left_wing",
			"origin": [4, 11, 0],
			"children": [8]
		},
		{
			"name": "bill",
			"origin": [0, 9, -4],
			"children": [9]
		},
		{
			"name": "chin",
			"origin": [0, 9, -4],
			"children": [10]
		}, 11]
}